First Name,MI,Last Name,Company,Address 1,Address 2,Address 3,City,State/Province,ZIP/Postal Code,Country,Urbanization,Phone Number,Fax Number,E Mail,Reference Number,Nickname,
Bob,,Bell,,210 Loyal Dr.,,Mechanicsburg,PA,17050,USA,,,,bbell770@gmail.com,6,,
Todd,,Goodman,656 North Rd,,Candia,NH,03034,USA,,,,tsg@bonedaddy.net,28,,
Jay,,Cotton,3115 W. Woodside Ave,,Roseburg,Oregon,97471,USA,,,,Lbmgmusic@gmail.com,18,,
Ken,,Lesniak,,25542 High Hampton Cir,Sorrento,FL,32776,USA,,,,huckster@graybits.com,69,,
Steve,,Mastrianni,,322 Westchester Road,Colchester,CT,06415,USA,,,,steve.mastrianni@gmail.com,36,,
Jim,,OKeefe, C/O Tom Killoran Photography, 11316 S. Harlem Ave.,Worth,IL,60482,USA,,,,jimokeefe39@gmail.com,43,,
